Akademia Sztuk Pieknych,1
Akademia Sztuk Pieknych,
Akademia Sztuk Pieknych,
Akademia Sztuk Pieknych,
Akademia Sztuk Pieknych,
Akademia Sztuk Pieknych,
Akademia Sztuk Pieknych,
Akademia Sztuk Pieknych,
Akademia Sztuk Pieknych,
Akademia Sztuk Pieknych,
Akademia Sztuk Pieknych,
Akademia Sztuk Pieknych,
Akademia Sztuk Pieknych,
Akademia Sztuk Pieknych,
Akademia Sztuk Pieknych,
Akademia Sztuk Pieknych,
Akademia Sztuk Pieknych,
Akademia Sztuk Pieknych,
Akademia Sztuk Pieknych,
Akademia Sztuk Pieknych,
Akademia Sztuk Pieknych,
Akademia Sztuk Pieknych,
Akademia Sztuk Pieknych,
Akademia Sztuk Pieknych,
Akademia Sztuk Pieknych,
Akademia Sztuk Pieknych,
Akademia Sztuk Pieknych,
Akademia Sztuk Pieknych,
Akademia Sztuk Pieknych,
Akademia Sztuk Pieknych,
Akademia Sztuk Pieknych,
Akademia Sztuk Pieknych,
Akademia Sztuk Pieknych,
Akademia Sztuk Pieknych,
Akademia Sztuk Pieknych,
Akademia Sztuk Pieknych,
Akademia Sztuk Pieknych,
Akademia Sztuk Pieknych,
Akademia Sztuk Pieknych,
Akademia Sztuk Pieknych,
Akademia Sztuk Pieknych,
Akademia Sztuk Pieknych,
Akademia Sztuk Pieknych,
Akademia Sztuk Pieknych,
Akademia Sztuk Pieknych,
Akademia Sztuk Pieknych,
Akademia Sztuk Pieknych,
Akademia Sztuk Pieknych,
Akademia Sztuk Pieknych,
Akademia Sztuk Pieknych,
Akademia Sztuk Pieknych,
Akademia Sztuk Pieknych,
Akademia Sztuk Pieknych,
Akademia Sztuk Pieknych,
Akademia Sztuk Pieknych,
Politechnika Informatyczno-Elektroniczna,2
Politechnika Informatyczno-Elektroniczna,
Politechnika Informatyczno-Elektroniczna,
Politechnika Informatyczno-Elektroniczna,
Politechnika Informatyczno-Elektroniczna,
Politechnika Informatyczno-Elektroniczna,
Politechnika Informatyczno-Elektroniczna,
Politechnika Informatyczno-Elektroniczna,
Politechnika Informatyczno-Elektroniczna,
Politechnika Informatyczno-Elektroniczna,
Politechnika Informatyczno-Elektroniczna,
Politechnika Informatyczno-Elektroniczna,
Politechnika Informatyczno-Elektroniczna,
Politechnika Informatyczno-Elektroniczna,
Politechnika Informatyczno-Elektroniczna,
Politechnika Informatyczno-Elektroniczna,
Politechnika Informatyczno-Elektroniczna,
Politechnika Informatyczno-Elektroniczna,
Politechnika Informatyczno-Elektroniczna,
Politechnika Informatyczno-Elektroniczna,
Politechnika Informatyczno-Elektroniczna,
Politechnika Informatyczno-Elektroniczna,
Politechnika Informatyczno-Elektroniczna,
Politechnika Informatyczno-Elektroniczna,
Politechnika Informatyczno-Elektroniczna,
Politechnika Informatyczno-Elektroniczna,
Politechnika Informatyczno-Elektroniczna,
Politechnika Informatyczno-Elektroniczna,
Politechnika Informatyczno-Elektroniczna,
Politechnika Informatyczno-Elektroniczna,
Politechnika Informatyczno-Elektroniczna,
Politechnika Informatyczno-Elektroniczna,
Politechnika Informatyczno-Elektroniczna,
Politechnika Informatyczno-Elektroniczna,
Politechnika Informatyczno-Elektroniczna,
Politechnika Informatyczno-Elektroniczna,
Politechnika Informatyczno-Elektroniczna,
Politechnika Informatyczno-Elektroniczna,
Politechnika Informatyczno-Elektroniczna,
Politechnika Informatyczno-Elektroniczna,
Politechnika Informatyczno-Elektroniczna,
Politechnika Informatyczno-Elektroniczna,
Politechnika Informatyczno-Elektroniczna,
Politechnika Informatyczno-Elektroniczna,
Politechnika Informatyczno-Elektroniczna,
Politechnika Informatyczno-Elektroniczna,
Politechnika Informatyczno-Elektroniczna,
Politechnika Informatyczno-Elektroniczna,
Politechnika Informatyczno-Elektroniczna,
Politechnika Informatyczno-Elektroniczna,
Politechnika Informatyczno-Elektroniczna,
Politechnika Informatyczno-Elektroniczna,
Politechnika Informatyczno-Elektroniczna,
Politechnika Informatyczno-Elektroniczna,
Politechnika Informatyczno-Elektroniczna,
Politechnika Informatyczno-Elektroniczna,
Politechnika Informatyczno-Elektroniczna,
Politechnika Informatyczno-Elektroniczna,
Politechnika Informatyczno-Elektroniczna,
Politechnika Informatyczno-Elektroniczna,
Politechnika Informatyczno-Elektroniczna,
Politechnika Informatyczno-Elektroniczna,
Politechnika Informatyczno-Elektroniczna,
Politechnika Informatyczno-Elektroniczna,
Politechnika Informatyczno-Elektroniczna,
Politechnika Informatyczno-Elektroniczna,
Politechnika Informatyczno-Elektroniczna,
Politechnika Informatyczno-Elektroniczna,
Politechnika Informatyczno-Elektroniczna,
Politechnika Informatyczno-Elektroniczna,
Politechnika Informatyczno-Elektroniczna,
Politechnika Informatyczno-Elektroniczna,
Politechnika Informatyczno-Elektroniczna,
Politechnika Informatyczno-Elektroniczna,
Politechnika Informatyczno-Elektroniczna,
Politechnika Informatyczno-Elektroniczna,
Politechnika Informatyczno-Elektroniczna,
Politechnika Informatyczno-Elektroniczna,
Politechnika Informatyczno-Elektroniczna,
Politechnika Informatyczno-Elektroniczna,
Politechnika Informatyczno-Elektroniczna,
Politechnika Informatyczno-Elektroniczna,
Politechnika Informatyczno-Elektroniczna,
Politechnika Informatyczno-Elektroniczna,
Politechnika Informatyczno-Elektroniczna,
Politechnika Informatyczno-Elektroniczna,
Politechnika Informatyczno-Elektroniczna,
Politechnika Informatyczno-Elektroniczna,
Politechnika Informatyczno-Elektroniczna,
Politechnika Informatyczno-Elektroniczna,
Politechnika Informatyczno-Elektroniczna,
Politechnika Informatyczno-Elektroniczna,
Politechnika Informatyczno-Elektroniczna,
Politechnika Informatyczno-Elektroniczna,
Politechnika Informatyczno-Elektroniczna,
Politechnika Informatyczno-Elektroniczna,
Politechnika Informatyczno-Elektroniczna,
Politechnika Informatyczno-Elektroniczna,
Politechnika Informatyczno-Elektroniczna,
Politechnika Informatyczno-Elektroniczna,
Politechnika Informatyczno-Elektroniczna,
Politechnika Informatyczno-Elektroniczna,
Politechnika Informatyczno-Elektroniczna,
Politechnika Informatyczno-Elektroniczna,
Politechnika Informatyczno-Elektroniczna,
Politechnika Informatyczno-Elektroniczna,
Politechnika Informatyczno-Elektroniczna,
Politechnika Informatyczno-Elektroniczna,
Politechnika Informatyczno-Elektroniczna,
Politechnika Informatyczno-Elektroniczna,
Politechnika Informatyczno-Elektroniczna,
Politechnika Informatyczno-Elektroniczna,
Politechnika Informatyczno-Elektroniczna,
Politechnika Informatyczno-Elektroniczna,
Politechnika Informatyczno-Elektroniczna,
Politechnika Informatyczno-Elektroniczna,
Politechnika Informatyczno-Elektroniczna,
Politechnika Informatyczno-Elektroniczna,
Politechnika Informatyczno-Elektroniczna,
Politechnika Informatyczno-Elektroniczna,
Politechnika Informatyczno-Elektroniczna,
Politechnika Informatyczno-Elektroniczna,
Politechnika Informatyczno-Elektroniczna,
Politechnika Informatyczno-Elektroniczna,
Politechnika Informatyczno-Elektroniczna,
Politechnika Informatyczno-Elektroniczna,
Politechnika Informatyczno-Elektroniczna,
Politechnika Informatyczno-Elektroniczna,
Politechnika Informatyczno-Elektroniczna,
Politechnika Informatyczno-Elektroniczna,
Politechnika Informatyczno-Elektroniczna,
Politechnika Informatyczno-Elektroniczna,
Politechnika Informatyczno-Elektroniczna,
Politechnika Informatyczno-Elektroniczna,
Politechnika Informatyczno-Elektroniczna,
Politechnika Informatyczno-Elektroniczna,
Politechnika Informatyczno-Elektroniczna,
Politechnika Informatyczno-Elektroniczna,
Politechnika Informatyczno-Elektroniczna,
Politechnika Informatyczno-Elektroniczna,
Politechnika Informatyczno-Elektroniczna,
Politechnika Informatyczno-Elektroniczna,
Politechnika Informatyczno-Elektroniczna,
Politechnika Informatyczno-Elektroniczna,
Politechnika Informatyczno-Elektroniczna,
Politechnika Informatyczno-Elektroniczna,
Politechnika Informatyczno-Elektroniczna,
Politechnika Informatyczno-Elektroniczna,
Politechnika Informatyczno-Elektroniczna,
Politechnika Informatyczno-Elektroniczna,
Politechnika Informatyczno-Elektroniczna,
Politechnika Informatyczno-Elektroniczna,
Politechnika Informatyczno-Elektroniczna,
Politechnika Informatyczno-Elektroniczna,
Politechnika Informatyczno-Elektroniczna,
Politechnika Informatyczno-Elektroniczna,
Politechnika Informatyczno-Elektroniczna,
Politechnika Informatyczno-Elektroniczna,
Politechnika Informatyczno-Elektroniczna,
Politechnika Informatyczno-Elektroniczna,
Politechnika Informatyczno-Elektroniczna,
Politechnika Informatyczno-Elektroniczna,
Politechnika Informatyczno-Elektroniczna,
Politechnika Informatyczno-Elektroniczna,
Politechnika Informatyczno-Elektroniczna,
Politechnika Informatyczno-Elektroniczna,
Politechnika Informatyczno-Elektroniczna,
Politechnika Informatyczno-Elektroniczna,
Politechnika Informatyczno-Elektroniczna,
Politechnika Informatyczno-Elektroniczna,
Politechnika Informatyczno-Elektroniczna,
Politechnika Informatyczno-Elektroniczna,
Politechnika Informatyczno-Elektroniczna,
Politechnika Informatyczno-Elektroniczna,
Politechnika Informatyczno-Elektroniczna,
Politechnika Informatyczno-Elektroniczna,
Politechnika Informatyczno-Elektroniczna,
Politechnika Informatyczno-Elektroniczna,
Politechnika Informatyczno-Elektroniczna,
Politechnika Informatyczno-Elektroniczna,
Politechnika Informatyczno-Elektroniczna,
Politechnika Informatyczno-Elektroniczna,
Politechnika Informatyczno-Elektroniczna,
Politechnika Informatyczno-Elektroniczna,
Politechnika Informatyczno-Elektroniczna,
Politechnika Informatyczno-Elektroniczna,
Politechnika Informatyczno-Elektroniczna,
Politechnika Informatyczno-Elektroniczna,
Politechnika Informatyczno-Elektroniczna,
Politechnika Informatyczno-Elektroniczna,
Politechnika Informatyczno-Elektroniczna,
Politechnika Informatyczno-Elektroniczna,
Politechnika Informatyczno-Elektroniczna,
Politechnika Informatyczno-Elektroniczna,
Politechnika Informatyczno-Elektroniczna,
Politechnika Informatyczno-Elektroniczna,
Politechnika Informatyczno-Elektroniczna,
Politechnika Informatyczno-Elektroniczna,
Politechnika Informatyczno-Elektroniczna,
Politechnika Informatyczno-Elektroniczna,
Politechnika Informatyczno-Elektroniczna,
Politechnika Informatyczno-Elektroniczna,
Politechnika Informatyczno-Elektroniczna,
Politechnika Informatyczno-Elektroniczna,
Politechnika Informatyczno-Elektroniczna,
Politechnika Informatyczno-Elektroniczna,
Politechnika Informatyczno-Elektroniczna,
Politechnika Informatyczno-Elektroniczna,
Politechnika Informatyczno-Elektroniczna,
Politechnika Informatyczno-Elektroniczna,
Politechnika Informatyczno-Elektroniczna,
Politechnika Informatyczno-Elektroniczna,
Politechnika Informatyczno-Elektroniczna,
Politechnika Informatyczno-Elektroniczna,
Politechnika Informatyczno-Elektroniczna,
Politechnika Informatyczno-Elektroniczna,
Politechnika Informatyczno-Elektroniczna,
Politechnika Informatyczno-Elektroniczna,
Politechnika Informatyczno-Elektroniczna,
Politechnika Informatyczno-Elektroniczna,
Politechnika Informatyczno-Elektroniczna,
Politechnika Informatyczno-Elektroniczna,
Politechnika Informatyczno-Elektroniczna,
Politechnika Informatyczno-Elektroniczna,
Politechnika Informatyczno-Elektroniczna,
Politechnika Informatyczno-Elektroniczna,
Politechnika Informatyczno-Elektroniczna,
Politechnika Informatyczno-Elektroniczna,
Politechnika Informatyczno-Elektroniczna,
Politechnika Informatyczno-Elektroniczna,
Politechnika Informatyczno-Elektroniczna,
Politechnika Informatyczno-Elektroniczna,
Politechnika Informatyczno-Elektroniczna,
Politechnika Informatyczno-Elektroniczna,
Politechnika Informatyczno-Elektroniczna,
Politechnika Informatyczno-Elektroniczna,
Politechnika Informatyczno-Elektroniczna,
Politechnika Informatyczno-Elektroniczna,
Politechnika Informatyczno-Elektroniczna,
Politechnika Informatyczno-Elektroniczna,
Politechnika Informatyczno-Elektroniczna,
Politechnika Informatyczno-Elektroniczna,
Politechnika Informatyczno-Elektroniczna,
Politechnika Informatyczno-Elektroniczna,
Politechnika Informatyczno-Elektroniczna,
Politechnika Informatyczno-Elektroniczna,
Politechnika Informatyczno-Elektroniczna,
Politechnika Informatyczno-Elektroniczna,
Politechnika Informatyczno-Elektroniczna,
Politechnika Informatyczno-Elektroniczna,
Politechnika Informatyczno-Elektroniczna,
Politechnika Informatyczno-Elektroniczna,
Politechnika Informatyczno-Elektroniczna,
Politechnika Informatyczno-Elektroniczna,
Politechnika Informatyczno-Elektroniczna,
Politechnika Informatyczno-Elektroniczna,
Politechnika Informatyczno-Elektroniczna,
Politechnika Informatyczno-Elektroniczna,
Politechnika Informatyczno-Elektroniczna,
Politechnika Informatyczno-Elektroniczna,
Politechnika Informatyczno-Elektroniczna,
Politechnika Informatyczno-Elektroniczna,
Politechnika Informatyczno-Elektroniczna,
Politechnika Informatyczno-Elektroniczna,
Politechnika Informatyczno-Elektroniczna,
Politechnika Informatyczno-Elektroniczna,
Politechnika Informatyczno-Elektroniczna,
Politechnika Informatyczno-Elektroniczna,
Politechnika Informatyczno-Elektroniczna,
Politechnika Informatyczno-Elektroniczna,
Politechnika Informatyczno-Elektroniczna,
Politechnika Informatyczno-Elektroniczna,
Politechnika Informatyczno-Elektroniczna,
Politechnika Informatyczno-Elektroniczna,
Politechnika Informatyczno-Elektroniczna,
Politechnika Informatyczno-Elektroniczna,
Politechnika Informatyczno-Elektroniczna,
Politechnika Informatyczno-Elektroniczna,
Politechnika Informatyczno-Elektroniczna,
Politechnika Informatyczno-Elektroniczna,
Politechnika Informatyczno-Elektroniczna,
Politechnika Informatyczno-Elektroniczna,
Politechnika Informatyczno-Elektroniczna,
Politechnika Informatyczno-Elektroniczna,
Politechnika Informatyczno-Elektroniczna,
Politechnika Informatyczno-Elektroniczna,
Politechnika Informatyczno-Elektroniczna,
Politechnika Informatyczno-Elektroniczna,
Politechnika Informatyczno-Elektroniczna,
Politechnika Informatyczno-Elektroniczna,
Politechnika Informatyczno-Elektroniczna,
Politechnika Informatyczno-Elektroniczna,
Politechnika Informatyczno-Elektroniczna,
Politechnika Informatyczno-Elektroniczna,
Politechnika Informatyczno-Elektroniczna,
Politechnika Informatyczno-Elektroniczna,
Politechnika Informatyczno-Elektroniczna,
Politechnika Informatyczno-Elektroniczna,
Politechnika Informatyczno-Elektroniczna,
Politechnika Informatyczno-Elektroniczna,
Politechnika Informatyczno-Elektroniczna,
Politechnika Informatyczno-Elektroniczna,
Politechnika Informatyczno-Elektroniczna,
Politechnika Informatyczno-Elektroniczna,
Politechnika Informatyczno-Elektroniczna,
Politechnika Informatyczno-Elektroniczna,
Politechnika Informatyczno-Elektroniczna,
Politechnika Informatyczno-Elektroniczna,
Politechnika Informatyczno-Elektroniczna,
Politechnika Informatyczno-Elektroniczna,
Politechnika Informatyczno-Elektroniczna,
Politechnika Informatyczno-Elektroniczna,
Politechnika Informatyczno-Elektroniczna,
Politechnika Informatyczno-Elektroniczna,
Politechnika Informatyczno-Elektroniczna,
Politechnika Informatyczno-Elektroniczna,
Politechnika Informatyczno-Elektroniczna,
Politechnika Informatyczno-Elektroniczna,
Politechnika Informatyczno-Elektroniczna,
Politechnika Informatyczno-Elektroniczna,
Politechnika Informatyczno-Elektroniczna,
Politechnika Informatyczno-Elektroniczna,
Politechnika Informatyczno-Elektroniczna,
Politechnika Informatyczno-Elektroniczna,
Politechnika Informatyczno-Elektroniczna,
Politechnika Informatyczno-Elektroniczna,
Politechnika Informatyczno-Elektroniczna,
Politechnika Informatyczno-Elektroniczna,
Politechnika Informatyczno-Elektroniczna,
Politechnika Informatyczno-Elektroniczna,
Politechnika Informatyczno-Elektroniczna,
Politechnika Informatyczno-Elektroniczna,
Politechnika Informatyczno-Elektroniczna,
Politechnika Informatyczno-Elektroniczna,
Politechnika Informatyczno-Elektroniczna,
Politechnika Informatyczno-Elektroniczna,
Politechnika Informatyczno-Elektroniczna,
Politechnika Informatyczno-Elektroniczna,
Politechnika Informatyczno-Elektroniczna,
Politechnika Informatyczno-Elektroniczna,
Politechnika Informatyczno-Elektroniczna,
Politechnika Informatyczno-Elektroniczna,
Politechnika Informatyczno-Elektroniczna,
Politechnika Informatyczno-Elektroniczna,
Politechnika Informatyczno-Elektroniczna,
Politechnika Informatyczno-Elektroniczna,
Politechnika Informatyczno-Elektroniczna,
Politechnika Informatyczno-Elektroniczna,
Politechnika Informatyczno-Elektroniczna,
Politechnika Informatyczno-Elektroniczna,
Politechnika Informatyczno-Elektroniczna,
Politechnika Informatyczno-Elektroniczna,
Politechnika Informatyczno-Elektroniczna,
Politechnika Informatyczno-Elektroniczna,
Politechnika Informatyczno-Elektroniczna,
Politechnika Informatyczno-Elektroniczna,
Politechnika Informatyczno-Elektroniczna,
Politechnika Informatyczno-Elektroniczna,
Politechnika Informatyczno-Elektroniczna,
Politechnika Informatyczno-Elektroniczna,
Politechnika Informatyczno-Elektroniczna,
Politechnika Informatyczno-Elektroniczna,
Politechnika Informatyczno-Elektroniczna,
Politechnika Informatyczno-Elektroniczna,
Politechnika Informatyczno-Elektroniczna,
Politechnika Informatyczno-Elektroniczna,
Politechnika Informatyczno-Elektroniczna,
Politechnika Informatyczno-Elektroniczna,
Politechnika Informatyczno-Elektroniczna,
Politechnika Informatyczno-Elektroniczna,
Politechnika Informatyczno-Elektroniczna,
Politechnika Informatyczno-Elektroniczna,
Politechnika Informatyczno-Elektroniczna,
Politechnika Informatyczno-Elektroniczna,
Politechnika Informatyczno-Elektroniczna,
Politechnika Informatyczno-Elektroniczna,
Politechnika Informatyczno-Elektroniczna,
Politechnika Informatyczno-Elektroniczna,
Politechnika Informatyczno-Elektroniczna,
Politechnika Informatyczno-Elektroniczna,
Politechnika Informatyczno-Elektroniczna,
Politechnika Informatyczno-Elektroniczna,
Politechnika Informatyczno-Elektroniczna,
Politechnika Informatyczno-Elektroniczna,
Politechnika Informatyczno-Elektroniczna,
Politechnika Informatyczno-Elektroniczna,
Politechnika Informatyczno-Elektroniczna,
Politechnika Informatyczno-Elektroniczna,
Politechnika Informatyczno-Elektroniczna,
Politechnika Informatyczno-Elektroniczna,
Politechnika Informatyczno-Elektroniczna,
Politechnika Informatyczno-Elektroniczna,
Politechnika Informatyczno-Elektroniczna,
Politechnika Informatyczno-Elektroniczna,
Politechnika Informatyczno-Elektroniczna,
Politechnika Informatyczno-Elektroniczna,
Politechnika Informatyczno-Elektroniczna,
Politechnika Informatyczno-Elektroniczna,
Politechnika Informatyczno-Elektroniczna,
Politechnika Informatyczno-Elektroniczna,
Politechnika Informatyczno-Elektroniczna,
Politechnika Informatyczno-Elektroniczna,
Politechnika Informatyczno-Elektroniczna,
Politechnika Informatyczno-Elektroniczna,
Politechnika Informatyczno-Elektroniczna,
Politechnika Informatyczno-Elektroniczna,
Politechnika Informatyczno-Elektroniczna,
Politechnika Informatyczno-Elektroniczna,
Politechnika Informatyczno-Elektroniczna,
Politechnika Informatyczno-Elektroniczna,
Politechnika Informatyczno-Elektroniczna,
Politechnika Informatyczno-Elektroniczna,
Politechnika Informatyczno-Elektroniczna,
Politechnika Informatyczno-Elektroniczna,
Politechnika Informatyczno-Elektroniczna,
Politechnika Informatyczno-Elektroniczna,
Politechnika Informatyczno-Elektroniczna,
Politechnika Informatyczno-Elektroniczna,
Politechnika Informatyczno-Elektroniczna,
Politechnika Informatyczno-Elektroniczna,
Politechnika Informatyczno-Elektroniczna,
Politechnika Informatyczno-Elektroniczna,
Politechnika Informatyczno-Elektroniczna,
Politechnika Informatyczno-Elektroniczna,
Politechnika Informatyczno-Elektroniczna,
Politechnika Informatyczno-Elektroniczna,
Politechnika Informatyczno-Elektroniczna,
Politechnika Informatyczno-Elektroniczna,
Politechnika Informatyczno-Elektroniczna,
Politechnika Informatyczno-Elektroniczna,
Politechnika Informatyczno-Elektroniczna,
Politechnika Informatyczno-Elektroniczna,
Politechnika Informatyczno-Elektroniczna,
Politechnika Informatyczno-Elektroniczna,
Politechnika Informatyczno-Elektroniczna,
Politechnika Informatyczno-Elektroniczna,
Politechnika Informatyczno-Elektroniczna,
Politechnika Informatyczno-Elektroniczna,
Politechnika Informatyczno-Elektroniczna,
Politechnika Informatyczno-Elektroniczna,
Politechnika Informatyczno-Elektroniczna,
Politechnika Informatyczno-Elektroniczna,
Politechnika Informatyczno-Elektroniczna,
Politechnika Informatyczno-Elektroniczna,
Politechnika Informatyczno-Elektroniczna,
Politechnika Informatyczno-Elektroniczna,
Politechnika Informatyczno-Elektroniczna,
Politechnika Informatyczno-Elektroniczna,
Politechnika Informatyczno-Elektroniczna,
Politechnika Informatyczno-Elektroniczna,
Politechnika Informatyczno-Elektroniczna,
Politechnika Informatyczno-Elektroniczna,
Politechnika Informatyczno-Elektroniczna,
Politechnika Informatyczno-Elektroniczna,
Politechnika Informatyczno-Elektroniczna,
Politechnika Informatyczno-Elektroniczna,
Politechnika Informatyczno-Elektroniczna,
Politechnika Informatyczno-Elektroniczna,
Politechnika Informatyczno-Elektroniczna,
Politechnika Informatyczno-Elektroniczna,
Politechnika Informatyczno-Elektroniczna,
Politechnika Informatyczno-Elektroniczna,
Politechnika Informatyczno-Elektroniczna,
Politechnika Informatyczno-Elektroniczna,
Politechnika Informatyczno-Elektroniczna,
Politechnika Informatyczno-Elektroniczna,
Politechnika Informatyczno-Elektroniczna,
Politechnika Informatyczno-Elektroniczna,
Politechnika Informatyczno-Elektroniczna,
Politechnika Informatyczno-Elektroniczna,
Politechnika Informatyczno-Elektroniczna,
Politechnika Informatyczno-Elektroniczna,
Politechnika Informatyczno-Elektroniczna,
Politechnika Informatyczno-Elektroniczna,
Politechnika Informatyczno-Elektroniczna,
Politechnika Informatyczno-Elektroniczna,
Politechnika Informatyczno-Elektroniczna,
Politechnika Informatyczno-Elektroniczna,
Politechnika Informatyczno-Elektroniczna,
Politechnika Informatyczno-Elektroniczna,
Politechnika Informatyczno-Elektroniczna,
Politechnika Informatyczno-Elektroniczna,
Politechnika Informatyczno-Elektroniczna,
Politechnika Informatyczno-Elektroniczna,
Politechnika Informatyczno-Elektroniczna,
Politechnika Informatyczno-Elektroniczna,
Politechnika Informatyczno-Elektroniczna,
Politechnika Informatyczno-Elektroniczna,
Politechnika Informatyczno-Elektroniczna,
Politechnika Informatyczno-Elektroniczna,
Politechnika Informatyczno-Elektroniczna,
Politechnika Informatyczno-Elektroniczna,
Politechnika Informatyczno-Elektroniczna,
Politechnika Informatyczno-Elektroniczna,
Politechnika Informatyczno-Elektroniczna,
Politechnika Informatyczno-Elektroniczna,
Politechnika Informatyczno-Elektroniczna,
Politechnika Informatyczno-Elektroniczna,
Politechnika Informatyczno-Elektroniczna,
Politechnika Informatyczno-Elektroniczna,
Politechnika Informatyczno-Elektroniczna,
Politechnika Informatyczno-Elektroniczna,
Politechnika Informatyczno-Elektroniczna,
Politechnika Informatyczno-Elektroniczna,
Politechnika Informatyczno-Elektroniczna,
Politechnika Informatyczno-Elektroniczna,
Politechnika Informatyczno-Elektroniczna,
Politechnika Informatyczno-Elektroniczna,
Politechnika Informatyczno-Elektroniczna,
Politechnika Informatyczno-Elektroniczna,
Politechnika Informatyczno-Elektroniczna,
Politechnika Informatyczno-Elektroniczna,
Politechnika Informatyczno-Elektroniczna,
Politechnika Informatyczno-Elektroniczna,
Politechnika Informatyczno-Elektroniczna,
Politechnika Informatyczno-Elektroniczna,
Politechnika Informatyczno-Elektroniczna,
Politechnika Informatyczno-Elektroniczna,
Politechnika Informatyczno-Elektroniczna,
Politechnika Informatyczno-Elektroniczna,
Politechnika Informatyczno-Elektroniczna,
Politechnika Informatyczno-Elektroniczna,
Politechnika Informatyczno-Elektroniczna,
Politechnika Informatyczno-Elektroniczna,
Politechnika Informatyczno-Elektroniczna,
Politechnika Informatyczno-Elektroniczna,
Politechnika Informatyczno-Elektroniczna,
Politechnika Informatyczno-Elektroniczna,
Politechnika Informatyczno-Elektroniczna,
Politechnika Informatyczno-Elektroniczna,
Politechnika Informatyczno-Elektroniczna,
Politechnika Informatyczno-Elektroniczna,
Politechnika Informatyczno-Elektroniczna,
Politechnika Informatyczno-Elektroniczna,
Politechnika Informatyczno-Elektroniczna,
Politechnika Informatyczno-Elektroniczna,
Politechnika Informatyczno-Elektroniczna,
Politechnika Informatyczno-Elektroniczna,
Politechnika Informatyczno-Elektroniczna,
Politechnika Informatyczno-Elektroniczna,
Politechnika Informatyczno-Elektroniczna,
Politechnika Informatyczno-Elektroniczna,
Politechnika Informatyczno-Elektroniczna,
Politechnika Informatyczno-Elektroniczna,
Politechnika Informatyczno-Elektroniczna,
Politechnika Informatyczno-Elektroniczna,
Politechnika Informatyczno-Elektroniczna,
Politechnika Informatyczno-Elektroniczna,
Politechnika Informatyczno-Elektroniczna,
Politechnika Informatyczno-Elektroniczna,
Politechnika Informatyczno-Elektroniczna,
Politechnika Informatyczno-Elektroniczna,
Politechnika Informatyczno-Elektroniczna,
Politechnika Informatyczno-Elektroniczna,
Politechnika Informatyczno-Elektroniczna,
Politechnika Informatyczno-Elektroniczna,
Politechnika Informatyczno-Elektroniczna,
Politechnika Informatyczno-Elektroniczna,
Politechnika Informatyczno-Elektroniczna,
Politechnika Informatyczno-Elektroniczna,
Politechnika Informatyczno-Elektroniczna,
Politechnika Informatyczno-Elektroniczna,
Politechnika Informatyczno-Elektroniczna,
Politechnika Krolewska,3
Politechnika Krolewska,
Politechnika Krolewska,
Politechnika Krolewska,
Politechnika Krolewska,
Politechnika Krolewska,
Politechnika Krolewska,
Politechnika Krolewska,
Politechnika Krolewska,
Politechnika Krolewska,
Politechnika Krolewska,
Politechnika Krolewska,
Politechnika Krolewska,
Politechnika Krolewska,
Politechnika Krolewska,
Politechnika Krolewska,
Politechnika Krolewska,
Politechnika Krolewska,
Politechnika Krolewska,
Politechnika Krolewska,
Politechnika Krolewska,
Politechnika Krolewska,
Politechnika Krolewska,
Politechnika Krolewska,
Politechnika Krolewska,
Politechnika Krolewska,
Politechnika Krolewska,
Politechnika Krolewska,
Politechnika Krolewska,
Politechnika Krolewska,
Politechnika Krolewska,
Politechnika Krolewska,
Politechnika Krolewska,
Politechnika Krolewska,
Politechnika Krolewska,
Politechnika Krolewska,
Politechnika Krolewska,
Politechnika Krolewska,
Politechnika Krolewska,
Politechnika Krolewska,
Politechnika Krolewska,
Politechnika Krolewska,
Politechnika Krolewska,
Politechnika Krolewska,
Politechnika Krolewska,
Politechnika Krolewska,
Politechnika Krolewska,
Politechnika Krolewska,
Politechnika Krolewska,
Politechnika Krolewska,
Politechnika Krolewska,
Politechnika Krolewska,
Politechnika Krolewska,
Politechnika Krolewska,
Politechnika Krolewska,
Politechnika Krolewska,
Politechnika Krolewska,
Politechnika Krolewska,
Politechnika Krolewska,
Politechnika Krolewska,
Politechnika Krolewska,
Politechnika Krolewska,
Politechnika Krolewska,
Politechnika Krolewska,
Politechnika Krolewska,
Politechnika Krolewska,
Politechnika Krolewska,
Politechnika Krolewska,
Politechnika Krolewska,
Politechnika Krolewska,
Politechnika Krolewska,
Politechnika Krolewska,
Politechnika Krolewska,
Politechnika Krolewska,
Politechnika Krolewska,
Politechnika Krolewska,
Politechnika Krolewska,
Politechnika Krolewska,
Politechnika Krolewska,
Politechnika Krolewska,
Politechnika Krolewska,
Politechnika Krolewska,
Politechnika Krolewska,
Politechnika Krolewska,
Politechnika Krolewska,
Politechnika Krolewska,
Politechnika Krolewska,
Politechnika Krolewska,
Politechnika Krolewska,
Politechnika Krolewska,
Politechnika Krolewska,
Politechnika Krolewska,
Politechnika Krolewska,
Politechnika Krolewska,
Politechnika Krolewska,
Politechnika Krolewska,
Politechnika Krolewska,
Politechnika Krolewska,
Politechnika Krolewska,
Politechnika Krolewska,
Politechnika Krolewska,
Politechnika Krolewska,
Politechnika Krolewska,
Politechnika Krolewska,
Politechnika Krolewska,
Politechnika Krolewska,
Politechnika Krolewska,
Politechnika Krolewska,
Politechnika Krolewska,
Politechnika Krolewska,
Politechnika Krolewska,
Politechnika Krolewska,
Politechnika Krolewska,
Politechnika Krolewska,
Politechnika Krolewska,
Politechnika Krolewska,
Politechnika Krolewska,
Politechnika Krolewska,
Politechnika Krolewska,
Politechnika Krolewska,
Politechnika Krolewska,
Politechnika Krolewska,
Politechnika Krolewska,
Politechnika Krolewska,
Politechnika Krolewska,
Politechnika Krolewska,
Politechnika Krolewska,
Politechnika Krolewska,
Politechnika Krolewska,
Politechnika Krolewska,
Politechnika Krolewska,
Politechnika Krolewska,
Politechnika Krolewska,
Politechnika Krolewska,
Politechnika Krolewska,
Politechnika Krolewska,
Politechnika Krolewska,
Politechnika Krolewska,
Politechnika Krolewska,
Politechnika Krolewska,
Politechnika Krolewska,
Politechnika Krolewska,
Politechnika Krolewska,
Politechnika Krolewska,
Politechnika Krolewska,
Politechnika Krolewska,
Politechnika Krolewska,
Politechnika Krolewska,
Politechnika Krolewska,
Politechnika Krolewska,
Politechnika Krolewska,
Politechnika Krolewska,
Politechnika Krolewska,
Politechnika Krolewska,
Politechnika Krolewska,
Politechnika Krolewska,
Politechnika Krolewska,
Politechnika Krolewska,
Politechnika Krolewska,
Politechnika Krolewska,
Politechnika Krolewska,
Politechnika Krolewska,
Politechnika Krolewska,
Politechnika Krolewska,
Politechnika Krolewska,
Politechnika Krolewska,
Politechnika Krolewska,
Politechnika Krolewska,
Politechnika Krolewska,
Politechnika Krolewska,
Politechnika Krolewska,
Politechnika Krolewska,
Politechnika Krolewska,
Politechnika Krolewska,
Politechnika Krolewska,
Politechnika Krolewska,
Politechnika Krolewska,
Politechnika Krolewska,
Politechnika Krolewska,
Politechnika Krolewska,
Politechnika Krolewska,
Politechnika Krolewska,
Politechnika Krolewska,
Politechnika Krolewska,
Politechnika Krolewska,
Politechnika Krolewska,
Politechnika Krolewska,
Politechnika Krolewska,
Politechnika Krolewska,
Politechnika Krolewska,
Politechnika Krolewska,
Politechnika Krolewska,
Politechnika Krolewska,
Politechnika Krolewska,
Politechnika Krolewska,
Politechnika Krolewska,
Politechnika Krolewska,
Politechnika Krolewska,
Politechnika Krolewska,
Politechnika Krolewska,
Politechnika Krolewska,
Politechnika Krolewska,
Politechnika Krolewska,
Politechnika Krolewska,
Politechnika Krolewska,
Politechnika Krolewska,
Politechnika Krolewska,
Politechnika Krolewska,
Politechnika Krolewska,
Politechnika Krolewska,
Politechnika Krolewska,
Politechnika Krolewska,
Politechnika Krolewska,
Politechnika Krolewska,
Politechnika Krolewska,
Politechnika Krolewska,
Politechnika Krolewska,
Politechnika Krolewska,
Politechnika Krolewska,
Politechnika Krolewska,
Politechnika Krolewska,
Politechnika Krolewska,
Politechnika Krolewska,
Politechnika Krolewska,
Politechnika Krolewska,
Politechnika Krolewska,
Politechnika Krolewska,
Politechnika Krolewska,
Politechnika Krolewska,
Politechnika Krolewska,
Politechnika Krolewska,
Politechnika Krolewska,
Politechnika Krolewska,
Politechnika Krolewska,
Politechnika Krolewska,
Politechnika Krolewska,
Politechnika Krolewska,
Politechnika Krolewska,
Politechnika Krolewska,
Politechnika Krolewska,
Politechnika Krolewska,
Politechnika Krolewska,
Politechnika Krolewska,
Politechnika Krolewska,
Politechnika Krolewska,
Politechnika Krolewska,
Politechnika Krolewska,
Politechnika Krolewska,
Politechnika Krolewska,
Politechnika Krolewska,
Politechnika Krolewska,
Politechnika Krolewska,
Politechnika Krolewska,
Politechnika Krolewska,
Politechnika Krolewska,
Politechnika Krolewska,
Politechnika Krolewska,
Politechnika Krolewska,
Politechnika Krolewska,
Politechnika Krolewska,
Politechnika Krolewska,
Politechnika Krolewska,
Politechnika Krolewska,
Politechnika Krolewska,
Politechnika Krolewska,
Politechnika Krolewska,
Politechnika Krolewska,
Politechnika Krolewska,
Politechnika Krolewska,
Politechnika Krolewska,
Politechnika Krolewska,
Politechnika Krolewska,
Politechnika Krolewska,
Politechnika Krolewska,
Politechnika Krolewska,
Politechnika Krolewska,
Politechnika Krolewska,
Politechnika Krolewska,
Politechnika Krolewska,
Politechnika Krolewska,
Politechnika Krolewska,
Politechnika Krolewska,
Politechnika Krolewska,
Politechnika Krolewska,
Politechnika Krolewska,
Politechnika Krolewska,
Politechnika Krolewska,
Politechnika Krolewska,
Politechnika Krolewska,
Politechnika Krolewska,
Politechnika Krolewska,
Politechnika Krolewska,
Politechnika Krolewska,
Politechnika Krolewska,
Politechnika Krolewska,
Politechnika Krolewska,
Politechnika Krolewska,
Politechnika Krolewska,
Politechnika Krolewska,
Politechnika Krolewska,
Politechnika Krolewska,
Politechnika Krolewska,
Politechnika Krolewska,
Politechnika Krolewska,
Politechnika Krolewska,
Politechnika Krolewska,
Politechnika Krolewska,
Politechnika Krolewska,
Politechnika Krolewska,
Politechnika Krolewska,
Politechnika Krolewska,
Uczelnia,
Uniwersytet Ekonomiczny,4
Uniwersytet Ekonomiczny,
Uniwersytet Ekonomiczny,
Uniwersytet Ekonomiczny,
Uniwersytet Ekonomiczny,
Uniwersytet Ekonomiczny,
Uniwersytet Ekonomiczny,
Uniwersytet Ekonomiczny,
Uniwersytet Ekonomiczny,
Uniwersytet Ekonomiczny,
Uniwersytet Ekonomiczny,
Uniwersytet Ekonomiczny,
Uniwersytet Ekonomiczny,
Uniwersytet Ekonomiczny,
Uniwersytet Ekonomiczny,
Uniwersytet Ekonomiczny,
Uniwersytet Ekonomiczny,
Uniwersytet Ekonomiczny,
Uniwersytet Ekonomiczny,
Uniwersytet Ekonomiczny,
Uniwersytet Ekonomiczny,
Uniwersytet Ekonomiczny,
Uniwersytet Ekonomiczny,
Uniwersytet Ekonomiczny,
Uniwersytet Ekonomiczny,
Uniwersytet Ekonomiczny,
Uniwersytet Ekonomiczny,
Uniwersytet Ekonomiczny,
Uniwersytet Ekonomiczny,
Uniwersytet Ekonomiczny,
Uniwersytet Ekonomiczny,
Uniwersytet Ekonomiczny,
Uniwersytet Ekonomiczny,
Uniwersytet Ekonomiczny,
Uniwersytet Ekonomiczny,
Uniwersytet Ekonomiczny,
Uniwersytet Ekonomiczny,
Uniwersytet Ekonomiczny,
Uniwersytet Ekonomiczny,
Uniwersytet Ekonomiczny,
Uniwersytet Ekonomiczny,
Uniwersytet Ekonomiczny,
Uniwersytet Ekonomiczny,
Uniwersytet Ekonomiczny,
Uniwersytet Ekonomiczny,
Uniwersytet Ekonomiczny,
Uniwersytet Ekonomiczny,
Uniwersytet Ekonomiczny,
Uniwersytet Ekonomiczny,
Uniwersytet Ekonomiczny,
Uniwersytet Ekonomiczny,
Uniwersytet Ekonomiczny,
Uniwersytet Ekonomiczny,
Uniwersytet Krolewski,5
Uniwersytet Krolewski,
Uniwersytet Krolewski,
Uniwersytet Krolewski,
Uniwersytet Krolewski,
Uniwersytet Krolewski,
Uniwersytet Krolewski,
Uniwersytet Krolewski,
Uniwersytet Krolewski,
Uniwersytet Krolewski,
Uniwersytet Krolewski,
Uniwersytet Krolewski,
Uniwersytet Krolewski,
Uniwersytet Krolewski,
Uniwersytet Krolewski,
Uniwersytet Krolewski,
Uniwersytet Krolewski,
Uniwersytet Krolewski,
Uniwersytet Krolewski,
Uniwersytet Krolewski,
Uniwersytet Krolewski,
Uniwersytet Krolewski,
Uniwersytet Krolewski,
Uniwersytet Krolewski,
Uniwersytet Krolewski,
Uniwersytet Krolewski,
Uniwersytet Krolewski,
Uniwersytet Krolewski,
Uniwersytet Krolewski,
Uniwersytet Krolewski,
Uniwersytet Krolewski,
Uniwersytet Krolewski,
Uniwersytet Krolewski,
Uniwersytet Krolewski,
Uniwersytet Krolewski,
Uniwersytet Krolewski,
Uniwersytet Krolewski,
Uniwersytet Krolewski,
Uniwersytet Krolewski,
Uniwersytet Krolewski,
Uniwersytet Krolewski,
Uniwersytet Krolewski,
Uniwersytet Krolewski,
Uniwersytet Krolewski,
Uniwersytet Krolewski,
Uniwersytet Krolewski,
Uniwersytet Krolewski,
Uniwersytet Krolewski,
Uniwersytet Krolewski,
Uniwersytet Krolewski,
Uniwersytet Krolewski,
Uniwersytet Krolewski,
Uniwersytet Krolewski,
Uniwersytet Krolewski,
Uniwersytet Krolewski,
Uniwersytet Krolewski,
Uniwersytet Krolewski,
Uniwersytet Krolewski,
Uniwersytet Krolewski,
Uniwersytet Krolewski,
Uniwersytet Krolewski,
Uniwersytet Krolewski,
Uniwersytet Krolewski,
Uniwersytet Krolewski,
Uniwersytet Krolewski,
Uniwersytet Krolewski,
Uniwersytet Krolewski,
Uniwersytet Krolewski,
Uniwersytet Krolewski,
Uniwersytet Krolewski,
Uniwersytet Krolewski,
Uniwersytet Krolewski,
Uniwersytet Krolewski,
Uniwersytet Krolewski,
Uniwersytet Krolewski,
Uniwersytet Krolewski,
Uniwersytet Krolewski,
Uniwersytet Krolewski,
Uniwersytet Krolewski,
Uniwersytet Krolewski,
Uniwersytet Krolewski,
Uniwersytet Krolewski,
Uniwersytet Krolewski,
Uniwersytet Krolewski,
Uniwersytet Krolewski,
Uniwersytet Krolewski,
Uniwersytet Krolewski,
Uniwersytet Krolewski,
Uniwersytet Krolewski,
Uniwersytet Krolewski,
Uniwersytet Krolewski,
Uniwersytet Krolewski,
Uniwersytet Krolewski,
Uniwersytet Krolewski,
Uniwersytet Krolewski,
Uniwersytet Krolewski,
Uniwersytet Krolewski,
Uniwersytet Krolewski,
Uniwersytet Krolewski,
Uniwersytet Krolewski,
Uniwersytet Krolewski,
Uniwersytet Krolewski,
Uniwersytet Krolewski,
Uniwersytet Krolewski,
Uniwersytet Krolewski,
Uniwersytet Krolewski,
Uniwersytet Krolewski,
Uniwersytet Krolewski,
Uniwersytet Krolewski,
Uniwersytet Krolewski,
Uniwersytet Krolewski,
Uniwersytet Krolewski,
Uniwersytet Krolewski,
Uniwersytet Krolewski,
Uniwersytet Krolewski,
Uniwersytet Krolewski,
Uniwersytet Krolewski,
Uniwersytet Krolewski,
Uniwersytet Krolewski,
Uniwersytet Krolewski,
Uniwersytet Krolewski,
Uniwersytet Krolewski,
Uniwersytet Krolewski,
Uniwersytet Krolewski,
Uniwersytet Krolewski,
Uniwersytet Krolewski,
Uniwersytet Krolewski,
Uniwersytet Krolewski,
Uniwersytet Krolewski,
Uniwersytet Krolewski,
Uniwersytet Krolewski,
Uniwersytet Krolewski,
Uniwersytet Krolewski,
Uniwersytet Krolewski,
Uniwersytet Krolewski,
Uniwersytet Krolewski,
Uniwersytet Krolewski,
Uniwersytet Krolewski,
Uniwersytet Krolewski,
Uniwersytet Krolewski,
Uniwersytet Krolewski,
Uniwersytet Krolewski,
Uniwersytet Krolewski,
Uniwersytet Krolewski,
Uniwersytet Krolewski,
Uniwersytet Krolewski,
Uniwersytet Krolewski,
Uniwersytet Krolewski,
Uniwersytet Krolewski,
Uniwersytet Krolewski,
Uniwersytet Krolewski,
Uniwersytet Krolewski,
Uniwersytet Krolewski,
Uniwersytet Krolewski,
Uniwersytet Krolewski,
Uniwersytet Krolewski,
Uniwersytet Krolewski,
Uniwersytet Krolewski,
Uniwersytet Krolewski,
Uniwersytet Krolewski,
Uniwersytet Krolewski,
Uniwersytet Krolewski,
Uniwersytet Krolewski,
Uniwersytet Krolewski,
Uniwersytet Krolewski,
Uniwersytet Krolewski,
Uniwersytet Krolewski,
Uniwersytet Krolewski,
Uniwersytet Krolewski,
Uniwersytet Krolewski,
Uniwersytet Krolewski,
Uniwersytet Krolewski,
Uniwersytet Krolewski,
Uniwersytet Krolewski,
Uniwersytet Krolewski,
Uniwersytet Krolewski,
Uniwersytet Krolewski,
Uniwersytet Krolewski,
Uniwersytet Krolewski,
Uniwersytet Krolewski,
Uniwersytet Krolewski,
Uniwersytet Krolewski,
Uniwersytet Krolewski,
Uniwersytet Krolewski,
Uniwersytet Krolewski,
Uniwersytet Krolewski,
Uniwersytet Krolewski,
Uniwersytet Krolewski,
Uniwersytet Krolewski,
Uniwersytet Krolewski,
Uniwersytet Krolewski,
Uniwersytet Krolewski,
Uniwersytet Krolewski,
Uniwersytet Krolewski,
Uniwersytet Krolewski,
Uniwersytet Krolewski,
Uniwersytet Krolewski,
Uniwersytet Krolewski,
Uniwersytet Krolewski,
Uniwersytet Krolewski,
Uniwersytet Krolewski,
Uniwersytet Krolewski,
Uniwersytet Krolewski,
Uniwersytet Krolewski,
Uniwersytet Krolewski,
Uniwersytet Krolewski,
Uniwersytet Krolewski,
Uniwersytet Krolewski,
Uniwersytet Krolewski,
Uniwersytet Krolewski,
Uniwersytet Krolewski,
Uniwersytet Krolewski,
Uniwersytet Krolewski,
Uniwersytet Krolewski,
Uniwersytet Krolewski,
Uniwersytet Krolewski,
Uniwersytet Krolewski,
Uniwersytet Krolewski,
Uniwersytet Krolewski,
Uniwersytet Krolewski,
Uniwersytet Krolewski,
Uniwersytet Krolewski,
Uniwersytet Krolewski,
Uniwersytet Krolewski,
Uniwersytet Krolewski,
Uniwersytet Krolewski,
Uniwersytet Krolewski,
Uniwersytet Krolewski,
Uniwersytet Krolewski,
Uniwersytet Krolewski,
Uniwersytet Krolewski,
Uniwersytet Krolewski,
Uniwersytet Krolewski,
Uniwersytet Krolewski,
Uniwersytet Krolewski,
Uniwersytet Krolewski,
Uniwersytet Krolewski,
Uniwersytet Krolewski,
Uniwersytet Krolewski,
Uniwersytet Krolewski,
Uniwersytet Krolewski,
Uniwersytet Krolewski,
Uniwersytet Krolewski,
Uniwersytet Krolewski,
Uniwersytet Krolewski,
Uniwersytet Krolewski,
Uniwersytet Krolewski,
Uniwersytet Krolewski,
Uniwersytet Krolewski,
Uniwersytet Krolewski,
Uniwersytet Krolewski,
Uniwersytet Krolewski,
Uniwersytet Krolewski,
Uniwersytet Krolewski,
Uniwersytet Krolewski,
Uniwersytet Krolewski,
Uniwersytet Krolewski,
Uniwersytet Krolewski,
Uniwersytet Krolewski,
Uniwersytet Krolewski,
Uniwersytet Krolewski,
Uniwersytet Krolewski,
Uniwersytet Krolewski,
Uniwersytet Krolewski,
Uniwersytet Krolewski,
Uniwersytet Krolewski,
Uniwersytet Krolewski,
Uniwersytet Krolewski,
Uniwersytet Krolewski,
Uniwersytet Krolewski,
Uniwersytet Krolewski,
Uniwersytet Krolewski,
Uniwersytet Krolewski,
Uniwersytet Krolewski,
Uniwersytet Krolewski,
Uniwersytet Krolewski,
Uniwersytet Krolewski,
Uniwersytet Krolewski,
Uniwersytet Krolewski,
Uniwersytet Krolewski,
Uniwersytet Krolewski,
Uniwersytet Krolewski,
Uniwersytet Krolewski,
Uniwersytet Krolewski,
Uniwersytet Krolewski,
Uniwersytet Krolewski,
Uniwersytet Krolewski,
Uniwersytet Krolewski,
Uniwersytet Krolewski,
Uniwersytet Krolewski,
Uniwersytet Krolewski,
Uniwersytet Krolewski,
Uniwersytet Krolewski,
Uniwersytet Krolewski,
Uniwersytet Krolewski,
Uniwersytet Krolewski,
Uniwersytet Krolewski,
Uniwersytet Krolewski,
Uniwersytet Krolewski,
Uniwersytet Krolewski,
Uniwersytet Krolewski,
Uniwersytet Krolewski,
Uniwersytet Krolewski,
Uniwersytet Krolewski,
Uniwersytet Krolewski,
Uniwersytet Krolewski,
Uniwersytet Krolewski,
Uniwersytet Krolewski,
Uniwersytet Krolewski,
Uniwersytet Krolewski,
Uniwersytet Krolewski,
Uniwersytet Krolewski,
Uniwersytet Krolewski,
Uniwersytet Krolewski,
Uniwersytet Krolewski,
Uniwersytet Krolewski,
Uniwersytet Krolewski,
Uniwersytet Krolewski,
Uniwersytet Krolewski,
Uniwersytet Krolewski,
Uniwersytet Krolewski,
Uniwersytet Krolewski,
Uniwersytet Krolewski,
Uniwersytet Krolewski,
Uniwersytet Krolewski,
Uniwersytet Krolewski,
Uniwersytet Krolewski,
Uniwersytet Krolewski,
Uniwersytet Krolewski,
Uniwersytet Krolewski,
Uniwersytet Krolewski,
Uniwersytet Krolewski,
Uniwersytet Krolewski,
Uniwersytet Krolewski,
Uniwersytet Krolewski,
Uniwersytet Krolewski,
Uniwersytet Krolewski,
Uniwersytet Krolewski,
Uniwersytet Krolewski,
Uniwersytet Krolewski,
Uniwersytet Krolewski,
Uniwersytet Krolewski,
Uniwersytet Krolewski,
Uniwersytet Krolewski,
Uniwersytet Krolewski,
Uniwersytet Krolewski,
Uniwersytet Krolewski,
Uniwersytet Krolewski,
Uniwersytet Krolewski,
Uniwersytet Krolewski,
Uniwersytet Krolewski,
Uniwersytet Krolewski,
Uniwersytet Krolewski,
Uniwersytet Krolewski,
Uniwersytet Krolewski,
Uniwersytet Krolewski,
Uniwersytet Krolewski,
Uniwersytet Krolewski,
Uniwersytet Krolewski,
Uniwersytet Krolewski,
Uniwersytet Krolewski,
Uniwersytet Krolewski,
Uniwersytet Krolewski,
Uniwersytet Krolewski,
Uniwersytet Krolewski,
Uniwersytet Krolewski,
Uniwersytet Krolewski,
Uniwersytet Krolewski,
Uniwersytet Krolewski,
Uniwersytet Krolewski,
Uniwersytet Krolewski,
Uniwersytet Krolewski,
Uniwersytet Krolewski,
Uniwersytet Krolewski,
Uniwersytet Krolewski,
Uniwersytet Krolewski,
Uniwersytet Krolewski,
Uniwersytet Krolewski,
Uniwersytet Krolewski,
Uniwersytet Krolewski,
Uniwersytet Krolewski,
Uniwersytet Krolewski,
Uniwersytet Krolewski,
Uniwersytet Krolewski,
Uniwersytet Krolewski,
Uniwersytet Krolewski,
Uniwersytet Krolewski,
Uniwersytet Krolewski,
Uniwersytet Krolewski,
Uniwersytet Krolewski,
Uniwersytet Krolewski,
Uniwersytet Krolewski,
Uniwersytet Krolewski,
Uniwersytet Krolewski,
Uniwersytet Krolewski,
Uniwersytet Krolewski,
Uniwersytet Krolewski,
Uniwersytet Krolewski,
Uniwersytet Krolewski,
Uniwersytet Krolewski,
Uniwersytet Krolewski,
Uniwersytet Krolewski,
Uniwersytet Krolewski,
Uniwersytet Krolewski,
Uniwersytet Krolewski,
Uniwersytet Krolewski,
Uniwersytet Krolewski,
Uniwersytet Krolewski,
Uniwersytet Krolewski,
Uniwersytet Krolewski,
Uniwersytet Krolewski,
Uniwersytet Krolewski,
Uniwersytet Krolewski,
Uniwersytet Krolewski,
Uniwersytet Krolewski,
Uniwersytet Krolewski,
Uniwersytet Krolewski,
Uniwersytet Krolewski,
Uniwersytet Krolewski,
Uniwersytet Krolewski,
Uniwersytet Krolewski,
Uniwersytet Krolewski,
Uniwersytet Krolewski,
Uniwersytet Krolewski,
Uniwersytet Krolewski,
Uniwersytet Krolewski,
Uniwersytet Krolewski,
Uniwersytet Krolewski,
Uniwersytet Krolewski,
Uniwersytet Krolewski,
Uniwersytet Krolewski,
Uniwersytet Krolewski,
Uniwersytet Krolewski,
Uniwersytet Krolewski,
Uniwersytet Krolewski,
Uniwersytet Krolewski,
Uniwersytet Krolewski,
Uniwersytet Krolewski,
Uniwersytet Krolewski,
Uniwersytet Krolewski,
Uniwersytet Krolewski,
Uniwersytet Krolewski,
Uniwersytet Krolewski,
Uniwersytet Krolewski,
Uniwersytet Krolewski,
Uniwersytet Krolewski,
Uniwersytet Krolewski,
Uniwersytet Krolewski,
Uniwersytet Krolewski,
Uniwersytet Krolewski,
Uniwersytet Krolewski,
Uniwersytet Krolewski,
Uniwersytet Krolewski,
Uniwersytet Krolewski,
Uniwersytet Krolewski,
Uniwersytet Krolewski,
Uniwersytet Muzyczny,6
Uniwersytet Muzyczny,
Uniwersytet Muzyczny,
Uniwersytet Muzyczny,
Uniwersytet Muzyczny,
Uniwersytet Muzyczny,
Uniwersytet Muzyczny,
Uniwersytet Muzyczny,
Uniwersytet Pedagogiczny,7
Uniwersytet Pedagogiczny,
Uniwersytet Pedagogiczny,
Uniwersytet Pedagogiczny,
Uniwersytet Pedagogiczny,
Uniwersytet Pedagogiczny,
Uniwersytet Pedagogiczny,
Uniwersytet Pedagogiczny,
Uniwersytet Pedagogiczny,
Uniwersytet Pedagogiczny,
Uniwersytet Pedagogiczny,
Uniwersytet Pedagogiczny,
Uniwersytet Pedagogiczny,
Uniwersytet Pedagogiczny,
Uniwersytet Pedagogiczny,
Uniwersytet Pedagogiczny,
Uniwersytet Pedagogiczny,
Uniwersytet Pedagogiczny,
Uniwersytet Pedagogiczny,
Uniwersytet Pedagogiczny,
Uniwersytet Pedagogiczny,
Uniwersytet Pedagogiczny,
Uniwersytet Pedagogiczny,
Uniwersytet Pedagogiczny,
Uniwersytet Pedagogiczny,
Uniwersytet Pedagogiczny,
Uniwersytet Pedagogiczny,
Uniwersytet Pedagogiczny,
Uniwersytet Pedagogiczny,
Uniwersytet Pedagogiczny,
Uniwersytet Pedagogiczny,
Uniwersytet Pedagogiczny,
Uniwersytet Pedagogiczny,
Uniwersytet Pedagogiczny,
Uniwersytet Pedagogiczny,
Uniwersytet Pedagogiczny,
Uniwersytet Pedagogiczny,
Uniwersytet Pedagogiczny,
Uniwersytet Pedagogiczny,
Uniwersytet Pedagogiczny,
Uniwersytet Pedagogiczny,
Uniwersytet Pedagogiczny,
Uniwersytet Pedagogiczny,
Uniwersytet Pedagogiczny,
Uniwersytet Pedagogiczny,
Uniwersytet Pedagogiczny,
Uniwersytet Pedagogiczny,
Uniwersytet Pedagogiczny,
Uniwersytet Pedagogiczny,
Uniwersytet Pedagogiczny,
Uniwersytet Pedagogiczny,
Uniwersytet Pedagogiczny,
Uniwersytet Pedagogiczny,
Uniwersytet Rolniczy,8
Uniwersytet Rolniczy,
Uniwersytet Rolniczy,
Uniwersytet Rolniczy,
Uniwersytet Rolniczy,
Uniwersytet Rolniczy,
Uniwersytet Rolniczy,
Uniwersytet Rolniczy,
Uniwersytet Rolniczy,
Uniwersytet Rolniczy,
Uniwersytet Rolniczy,
Uniwersytet Rolniczy,
Uniwersytet Rolniczy,
Uniwersytet Rolniczy,
Uniwersytet Rolniczy,
Uniwersytet Rolniczy,
Uniwersytet Rolniczy,
Uniwersytet Rolniczy,
Uniwersytet Rolniczy,
Uniwersytet Rolniczy,
Uniwersytet Rolniczy,
Uniwersytet Rolniczy,
Uniwersytet Rolniczy,
Uniwersytet Rolniczy,
Uniwersytet Rolniczy,
Uniwersytet Rolniczy,
Uniwersytet Rolniczy,
Uniwersytet Rolniczy,
Uniwersytet Rolniczy,
Uniwersytet Rolniczy,
Uniwersytet Rolniczy,
Uniwersytet Rolniczy,
Uniwersytet Rolniczy,
Uniwersytet Rolniczy,
Uniwersytet Rolniczy,
Uniwersytet Rolniczy,
Uniwersytet Rolniczy,
Uniwersytet Rolniczy,
Uniwersytet Rolniczy,
Uniwersytet Rolniczy,
Uniwersytet Rolniczy,
Uniwersytet Rolniczy,
Uniwersytet Rolniczy,
Uniwersytet Rolniczy,
Uniwersytet Rolniczy,
Uniwersytet Rolniczy,
Uniwersytet Rolniczy,
Uniwersytet Rolniczy,
Uniwersytet Rolniczy,
Uniwersytet Rolniczy,
Uniwersytet Rolniczy,
Uniwersytet Rolniczy,
Uniwersytet Rolniczy,
Uniwersytet Rolniczy,
Uniwersytet Rolniczy,
Uniwersytet Rolniczy,
Uniwersytet Rolniczy,
Uniwersytet Rolniczy,
Uniwersytet Rolniczy,
Uniwersytet Sportu i Turystyki,9
Uniwersytet Sportu i Turystyki,
Uniwersytet Sportu i Turystyki,
Uniwersytet Sportu i Turystyki,
Uniwersytet Sportu i Turystyki,
Uniwersytet Sportu i Turystyki,
Uniwersytet Sportu i Turystyki,
Uniwersytet Sportu i Turystyki,
Uniwersytet Sportu i Turystyki,
Uniwersytet Sportu i Turystyki,
Uniwersytet Sportu i Turystyki,
Uniwersytet Sportu i Turystyki,
Uniwersytet Sportu i Turystyki,
Uniwersytet Sportu i Turystyki,
Uniwersytet Sportu i Turystyki,
Uniwersytet Sportu i Turystyki,
Uniwersytet Sportu i Turystyki,
Uniwersytet Sportu i Turystyki,
Uniwersytet Sportu i Turystyki,
Uniwersytet Sportu i Turystyki,
Uniwersytet Sportu i Turystyki,
Uniwersytet Sportu i Turystyki,
Uniwersytet Sportu i Turystyki,
Uniwersytet Sportu i Turystyki,
Uniwersytet Sportu i Turystyki,
Uniwersytet Sportu i Turystyki,
Uniwersytet Sportu i Turystyki,
Uniwersytet Sportu i Turystyki,
Uniwersytet Sportu i Turystyki,
Uniwersytet Sportu i Turystyki,
Uniwersytet Sportu i Turystyki,
Uniwersytet Sportu i Turystyki,
Uniwersytet Sportu i Turystyki,
Uniwersytet Sportu i Turystyki,
Uniwersytet Sportu i Turystyki,
Uniwersytet Sportu i Turystyki,
Uniwersytet Sportu i Turystyki,
Uniwersytet Sportu i Turystyki,
Uniwersytet Sportu i Turystyki,
Uniwersytet Sportu i Turystyki,
Uniwersytet Sportu i Turystyki,
Uniwersytet Sportu i Turystyki,
Uniwersytet Sportu i Turystyki,
Wyzsza Szkoła Techniczna,10
Wyzsza Szkoła Techniczna,
Wyzsza Szkoła Techniczna,
Wyzsza Szkoła Techniczna,
Wyzsza Szkoła Techniczna,
Wyzsza Szkoła Techniczna,
Wyzsza Szkoła Techniczna,
Wyzsza Szkoła Techniczna,
Wyzsza Szkoła Techniczna,
Wyzsza Szkoła Techniczna,
Wyzsza Szkoła Techniczna,
Wyzsza Szkoła Techniczna,
Wyzsza Szkoła Techniczna,
Wyzsza Szkoła Techniczna,
Wyzsza Szkoła Techniczna,
